{
    "Globals": {
        "start_lat": 50.1099011,
        "start_long": 8.6757933
    }
}
