{
    "Globals": {
        "start_lat": 40.7502287,
        "start_long": -73.9836104
    }
}
